<?xml version="1.0" encoding="UTF-8" standalone="yes"?>
<projectConfiguration>
    <configVersion>2</configVersion>
    <relativeTo>WORKSPACE</relativeTo>
    <referencedLibrary type="PYTHON" name="SeleniumLibrary" path="C:/Users/Lavanya.Bejugam/AppData/Roaming/Python/Python37/site-packages/SeleniumLibrary/__init__.py"/>
    <pythonpath/>
    <classpath/>
    <excludedForValidation/>
    <isValidatedFileSizeCheckingEnabled>true</isValidatedFileSizeCheckingEnabled>
    <validatedFileMaxSize>1024</validatedFileMaxSize>
</projectConfiguration>
